path,resolution,series,sys_id,img_id,format,date
3000/pollen_19_1900.jpg,3000,dancers,19,1900,jpg,2022-02-09
800/pollen_19_1900.jpg,800,dancers,19,1900,jpg,2022-02-09
3000/pollen_19_1901.jpg,3000,dancers,19,1901,jpg,2022-02-09
800/pollen_19_1901.jpg,800,dancers,19,1901,jpg,2022-02-09
3000/pollen_19_1902.jpg,3000,dancers,19,1902,jpg,2022-02-09
800/pollen_19_1902.jpg,800,dancers,19,1902,jpg,2022-02-09
3000/pollen_19_1903.jpg,3000,dancers,19,1903,jpg,2022-02-09
800/pollen_19_1903.jpg,800,dancers,19,1903,jpg,2022-02-09
3000/pollen_19_1904.jpg,3000,dancers,19,1904,jpg,2022-02-09
800/pollen_19_1904.jpg,800,dancers,19,1904,jpg,2022-02-09
3000/pollen_19_1905.jpg,3000,dancers,19,1905,jpg,2022-02-09
800/pollen_19_1905.jpg,800,dancers,19,1905,jpg,2022-02-09
3000/pollen_19_1906.jpg,3000,dancers,19,1906,jpg,2022-02-09
800/pollen_19_1906.jpg,800,dancers,19,1906,jpg,2022-02-09
3000/pollen_19_1907.jpg,3000,dancers,19,1907,jpg,2022-02-09
800/pollen_19_1907.jpg,800,dancers,19,1907,jpg,2022-02-09
3000/pollen_19_1908.jpg,3000,dancers,19,1908,jpg,2022-02-09
800/pollen_19_1908.jpg,800,dancers,19,1908,jpg,2022-02-09
3000/pollen_19_1909.jpg,3000,dancers,19,1909,jpg,2022-02-09
800/pollen_19_1909.jpg,800,dancers,19,1909,jpg,2022-02-09
3000/pollen_19_1910.jpg,3000,dancers,19,1910,jpg,2022-02-09
800/pollen_19_1910.jpg,800,dancers,19,1910,jpg,2022-02-09
3000/pollen_19_1911.jpg,3000,dancers,19,1911,jpg,2022-02-09
800/pollen_19_1911.jpg,800,dancers,19,1911,jpg,2022-02-09
3000/pollen_19_1912.jpg,3000,dancers,19,1912,jpg,2022-02-09
800/pollen_19_1912.jpg,800,dancers,19,1912,jpg,2022-02-09
3000/pollen_19_1913.jpg,3000,dancers,19,1913,jpg,2022-02-09
800/pollen_19_1913.jpg,800,dancers,19,1913,jpg,2022-02-09
3000/pollen_19_1914.jpg,3000,dancers,19,1914,jpg,2022-02-09
800/pollen_19_1914.jpg,800,dancers,19,1914,jpg,2022-02-09
3000/pollen_19_1915.jpg,3000,dancers,19,1915,jpg,2022-02-09
800/pollen_19_1915.jpg,800,dancers,19,1915,jpg,2022-02-09
3000/pollen_19_1916.jpg,3000,dancers,19,1916,jpg,2022-02-09
800/pollen_19_1916.jpg,800,dancers,19,1916,jpg,2022-02-09
3000/pollen_19_1917.jpg,3000,dancers,19,1917,jpg,2022-02-09
800/pollen_19_1917.jpg,800,dancers,19,1917,jpg,2022-02-09
3000/pollen_19_1918.jpg,3000,dancers,19,1918,jpg,2022-02-09
800/pollen_19_1918.jpg,800,dancers,19,1918,jpg,2022-02-09
3000/pollen_19_1919.jpg,3000,dancers,19,1919,jpg,2022-02-09
800/pollen_19_1919.jpg,800,dancers,19,1919,jpg,2022-02-09
3000/pollen_19_1920.jpg,3000,dancers,19,1920,jpg,2022-02-09
800/pollen_19_1920.jpg,800,dancers,19,1920,jpg,2022-02-09
3000/pollen_19_1921.jpg,3000,dancers,19,1921,jpg,2022-02-09
800/pollen_19_1921.jpg,800,dancers,19,1921,jpg,2022-02-09
3000/pollen_19_1922.jpg,3000,dancers,19,1922,jpg,2022-02-09
800/pollen_19_1922.jpg,800,dancers,19,1922,jpg,2022-02-09
3000/pollen_19_1923.jpg,3000,dancers,19,1923,jpg,2022-02-09
800/pollen_19_1923.jpg,800,dancers,19,1923,jpg,2022-02-09
3000/pollen_19_1924.jpg,3000,dancers,19,1924,jpg,2022-02-09
800/pollen_19_1924.jpg,800,dancers,19,1924,jpg,2022-02-09
3000/pollen_19_1925.jpg,3000,dancers,19,1925,jpg,2022-02-09
800/pollen_19_1925.jpg,800,dancers,19,1925,jpg,2022-02-09
3000/pollen_19_1926.jpg,3000,dancers,19,1926,jpg,2022-02-09
800/pollen_19_1926.jpg,800,dancers,19,1926,jpg,2022-02-09
3000/pollen_19_1927.jpg,3000,dancers,19,1927,jpg,2022-02-09
800/pollen_19_1927.jpg,800,dancers,19,1927,jpg,2022-02-09
3000/pollen_19_1928.jpg,3000,dancers,19,1928,jpg,2022-02-09
800/pollen_19_1928.jpg,800,dancers,19,1928,jpg,2022-02-09
3000/pollen_19_1929.jpg,3000,dancers,19,1929,jpg,2022-02-09
800/pollen_19_1929.jpg,800,dancers,19,1929,jpg,2022-02-09
3000/pollen_19_1930.jpg,3000,dancers,19,1930,jpg,2022-02-09
800/pollen_19_1930.jpg,800,dancers,19,1930,jpg,2022-02-09
3000/pollen_19_1931.jpg,3000,dancers,19,1931,jpg,2022-02-09
800/pollen_19_1931.jpg,800,dancers,19,1931,jpg,2022-02-09
3000/pollen_19_1932.jpg,3000,dancers,19,1932,jpg,2022-02-09
800/pollen_19_1932.jpg,800,dancers,19,1932,jpg,2022-02-09
3000/pollen_19_1933.jpg,3000,dancers,19,1933,jpg,2022-02-09
800/pollen_19_1933.jpg,800,dancers,19,1933,jpg,2022-02-09
3000/pollen_19_1934.jpg,3000,dancers,19,1934,jpg,2022-02-09
800/pollen_19_1934.jpg,800,dancers,19,1934,jpg,2022-02-09
3000/pollen_19_1935.jpg,3000,dancers,19,1935,jpg,2022-02-09
800/pollen_19_1935.jpg,800,dancers,19,1935,jpg,2022-02-09
3000/pollen_19_1936.jpg,3000,dancers,19,1936,jpg,2022-02-09
800/pollen_19_1936.jpg,800,dancers,19,1936,jpg,2022-02-09
3000/pollen_19_1937.jpg,3000,dancers,19,1937,jpg,2022-02-09
800/pollen_19_1937.jpg,800,dancers,19,1937,jpg,2022-02-09
3000/pollen_19_1938.jpg,3000,dancers,19,1938,jpg,2022-02-09
800/pollen_19_1938.jpg,800,dancers,19,1938,jpg,2022-02-09
3000/pollen_19_1939.jpg,3000,dancers,19,1939,jpg,2022-02-09
800/pollen_19_1939.jpg,800,dancers,19,1939,jpg,2022-02-09
3000/pollen_19_1940.jpg,3000,dancers,19,1940,jpg,2022-02-09
800/pollen_19_1940.jpg,800,dancers,19,1940,jpg,2022-02-09
3000/pollen_19_1941.jpg,3000,dancers,19,1941,jpg,2022-02-09
800/pollen_19_1941.jpg,800,dancers,19,1941,jpg,2022-02-09
3000/pollen_19_1942.jpg,3000,dancers,19,1942,jpg,2022-02-09
800/pollen_19_1942.jpg,800,dancers,19,1942,jpg,2022-02-09
3000/pollen_19_1943.jpg,3000,dancers,19,1943,jpg,2022-02-09
800/pollen_19_1943.jpg,800,dancers,19,1943,jpg,2022-02-09
3000/pollen_19_1944.jpg,3000,dancers,19,1944,jpg,2022-02-09
800/pollen_19_1944.jpg,800,dancers,19,1944,jpg,2022-02-09
3000/pollen_19_1945.jpg,3000,dancers,19,1945,jpg,2022-02-09
800/pollen_19_1945.jpg,800,dancers,19,1945,jpg,2022-02-09
3000/pollen_19_1946.jpg,3000,dancers,19,1946,jpg,2022-02-09
800/pollen_19_1946.jpg,800,dancers,19,1946,jpg,2022-02-09
3000/pollen_19_1947.jpg,3000,dancers,19,1947,jpg,2022-02-09
800/pollen_19_1947.jpg,800,dancers,19,1947,jpg,2022-02-09
3000/pollen_19_1948.jpg,3000,dancers,19,1948,jpg,2022-02-09
800/pollen_19_1948.jpg,800,dancers,19,1948,jpg,2022-02-09
3000/pollen_19_1949.jpg,3000,dancers,19,1949,jpg,2022-02-09
800/pollen_19_1949.jpg,800,dancers,19,1949,jpg,2022-02-09
3000/pollen_19_1950.jpg,3000,dancers,19,1950,jpg,2022-02-09
800/pollen_19_1950.jpg,800,dancers,19,1950,jpg,2022-02-09
3000/pollen_19_1951.jpg,3000,dancers,19,1951,jpg,2022-02-09
800/pollen_19_1951.jpg,800,dancers,19,1951,jpg,2022-02-09
3000/pollen_19_1952.jpg,3000,dancers,19,1952,jpg,2022-02-09
800/pollen_19_1952.jpg,800,dancers,19,1952,jpg,2022-02-09
3000/pollen_19_1953.jpg,3000,dancers,19,1953,jpg,2022-02-09
800/pollen_19_1953.jpg,800,dancers,19,1953,jpg,2022-02-09
3000/pollen_19_1954.jpg,3000,dancers,19,1954,jpg,2022-02-09
800/pollen_19_1954.jpg,800,dancers,19,1954,jpg,2022-02-09
3000/pollen_19_1955.jpg,3000,dancers,19,1955,jpg,2022-02-09
800/pollen_19_1955.jpg,800,dancers,19,1955,jpg,2022-02-09
3000/pollen_19_1956.jpg,3000,dancers,19,1956,jpg,2022-02-09
800/pollen_19_1956.jpg,800,dancers,19,1956,jpg,2022-02-09
3000/pollen_19_1957.jpg,3000,dancers,19,1957,jpg,2022-02-09
800/pollen_19_1957.jpg,800,dancers,19,1957,jpg,2022-02-09
3000/pollen_19_1958.jpg,3000,dancers,19,1958,jpg,2022-02-09
800/pollen_19_1958.jpg,800,dancers,19,1958,jpg,2022-02-09
3000/pollen_19_1959.jpg,3000,dancers,19,1959,jpg,2022-02-09
800/pollen_19_1959.jpg,800,dancers,19,1959,jpg,2022-02-09
3000/pollen_19_1960.jpg,3000,dancers,19,1960,jpg,2022-02-09
800/pollen_19_1960.jpg,800,dancers,19,1960,jpg,2022-02-09
3000/pollen_19_1961.jpg,3000,dancers,19,1961,jpg,2022-02-09
800/pollen_19_1961.jpg,800,dancers,19,1961,jpg,2022-02-09
3000/pollen_19_1962.jpg,3000,dancers,19,1962,jpg,2022-02-09
800/pollen_19_1962.jpg,800,dancers,19,1962,jpg,2022-02-09
3000/pollen_19_1963.jpg,3000,dancers,19,1963,jpg,2022-02-09
800/pollen_19_1963.jpg,800,dancers,19,1963,jpg,2022-02-09
3000/pollen_19_1964.jpg,3000,dancers,19,1964,jpg,2022-02-09
800/pollen_19_1964.jpg,800,dancers,19,1964,jpg,2022-02-09
3000/pollen_19_1965.jpg,3000,dancers,19,1965,jpg,2022-02-09
800/pollen_19_1965.jpg,800,dancers,19,1965,jpg,2022-02-09
3000/pollen_19_1966.jpg,3000,dancers,19,1966,jpg,2022-02-09
800/pollen_19_1966.jpg,800,dancers,19,1966,jpg,2022-02-09
3000/pollen_19_1967.jpg,3000,dancers,19,1967,jpg,2022-02-09
800/pollen_19_1967.jpg,800,dancers,19,1967,jpg,2022-02-09
3000/pollen_19_1968.jpg,3000,dancers,19,1968,jpg,2022-02-09
800/pollen_19_1968.jpg,800,dancers,19,1968,jpg,2022-02-09
3000/pollen_19_1969.jpg,3000,dancers,19,1969,jpg,2022-02-09
800/pollen_19_1969.jpg,800,dancers,19,1969,jpg,2022-02-09
3000/pollen_19_1970.jpg,3000,dancers,19,1970,jpg,2022-02-09
800/pollen_19_1970.jpg,800,dancers,19,1970,jpg,2022-02-09
3000/pollen_19_1971.jpg,3000,dancers,19,1971,jpg,2022-02-09
800/pollen_19_1971.jpg,800,dancers,19,1971,jpg,2022-02-09
3000/pollen_19_1972.jpg,3000,dancers,19,1972,jpg,2022-02-09
800/pollen_19_1972.jpg,800,dancers,19,1972,jpg,2022-02-09
3000/pollen_19_1973.jpg,3000,dancers,19,1973,jpg,2022-02-09
800/pollen_19_1973.jpg,800,dancers,19,1973,jpg,2022-02-09
3000/pollen_19_1974.jpg,3000,dancers,19,1974,jpg,2022-02-09
800/pollen_19_1974.jpg,800,dancers,19,1974,jpg,2022-02-09
3000/pollen_19_1975.jpg,3000,dancers,19,1975,jpg,2022-02-09
800/pollen_19_1975.jpg,800,dancers,19,1975,jpg,2022-02-09
3000/pollen_19_1976.jpg,3000,dancers,19,1976,jpg,2022-02-09
800/pollen_19_1976.jpg,800,dancers,19,1976,jpg,2022-02-09
3000/pollen_19_1977.jpg,3000,dancers,19,1977,jpg,2022-02-09
800/pollen_19_1977.jpg,800,dancers,19,1977,jpg,2022-02-09
3000/pollen_19_1978.jpg,3000,dancers,19,1978,jpg,2022-02-09
800/pollen_19_1978.jpg,800,dancers,19,1978,jpg,2022-02-09
3000/pollen_19_1979.jpg,3000,dancers,19,1979,jpg,2022-02-09
800/pollen_19_1979.jpg,800,dancers,19,1979,jpg,2022-02-09
3000/pollen_19_1980.jpg,3000,dancers,19,1980,jpg,2022-02-09
800/pollen_19_1980.jpg,800,dancers,19,1980,jpg,2022-02-09
3000/pollen_19_1981.jpg,3000,dancers,19,1981,jpg,2022-02-09
800/pollen_19_1981.jpg,800,dancers,19,1981,jpg,2022-02-09
3000/pollen_19_1982.jpg,3000,dancers,19,1982,jpg,2022-02-09
800/pollen_19_1982.jpg,800,dancers,19,1982,jpg,2022-02-09
3000/pollen_19_1983.jpg,3000,dancers,19,1983,jpg,2022-02-09
800/pollen_19_1983.jpg,800,dancers,19,1983,jpg,2022-02-09
3000/pollen_19_1984.jpg,3000,dancers,19,1984,jpg,2022-02-09
800/pollen_19_1984.jpg,800,dancers,19,1984,jpg,2022-02-09
3000/pollen_19_1985.jpg,3000,dancers,19,1985,jpg,2022-02-09
800/pollen_19_1985.jpg,800,dancers,19,1985,jpg,2022-02-09
3000/pollen_19_1986.jpg,3000,dancers,19,1986,jpg,2022-02-09
800/pollen_19_1986.jpg,800,dancers,19,1986,jpg,2022-02-09
3000/pollen_19_1987.jpg,3000,dancers,19,1987,jpg,2022-02-09
800/pollen_19_1987.jpg,800,dancers,19,1987,jpg,2022-02-09
3000/pollen_19_1988.jpg,3000,dancers,19,1988,jpg,2022-02-09
800/pollen_19_1988.jpg,800,dancers,19,1988,jpg,2022-02-09
3000/pollen_19_1989.jpg,3000,dancers,19,1989,jpg,2022-02-09
800/pollen_19_1989.jpg,800,dancers,19,1989,jpg,2022-02-09
3000/pollen_19_1990.jpg,3000,dancers,19,1990,jpg,2022-02-09
800/pollen_19_1990.jpg,800,dancers,19,1990,jpg,2022-02-09
3000/pollen_19_1991.jpg,3000,dancers,19,1991,jpg,2022-02-09
800/pollen_19_1991.jpg,800,dancers,19,1991,jpg,2022-02-09
3000/pollen_19_1992.jpg,3000,dancers,19,1992,jpg,2022-02-09
800/pollen_19_1992.jpg,800,dancers,19,1992,jpg,2022-02-09
3000/pollen_19_1993.jpg,3000,dancers,19,1993,jpg,2022-02-09
800/pollen_19_1993.jpg,800,dancers,19,1993,jpg,2022-02-09
3000/pollen_19_1994.jpg,3000,dancers,19,1994,jpg,2022-02-09
800/pollen_19_1994.jpg,800,dancers,19,1994,jpg,2022-02-09
3000/pollen_19_1995.jpg,3000,dancers,19,1995,jpg,2022-02-09
800/pollen_19_1995.jpg,800,dancers,19,1995,jpg,2022-02-09
3000/pollen_19_1996.jpg,3000,dancers,19,1996,jpg,2022-02-09
800/pollen_19_1996.jpg,800,dancers,19,1996,jpg,2022-02-09
3000/pollen_19_1997.jpg,3000,dancers,19,1997,jpg,2022-02-09
800/pollen_19_1997.jpg,800,dancers,19,1997,jpg,2022-02-09
3000/pollen_19_1998.jpg,3000,dancers,19,1998,jpg,2022-02-09
800/pollen_19_1998.jpg,800,dancers,19,1998,jpg,2022-02-09
3000/pollen_19_1999.jpg,3000,dancers,19,1999,jpg,2022-02-09
800/pollen_19_1999.jpg,800,dancers,19,1999,jpg,2022-02-09
3000/pollen_20_2000.jpg,3000,dancers,20,2000,jpg,2022-02-09
800/pollen_20_2000.jpg,800,dancers,20,2000,jpg,2022-02-09
3000/pollen_20_2001.jpg,3000,dancers,20,2001,jpg,2022-02-09
800/pollen_20_2001.jpg,800,dancers,20,2001,jpg,2022-02-09
3000/pollen_20_2002.jpg,3000,dancers,20,2002,jpg,2022-02-09
800/pollen_20_2002.jpg,800,dancers,20,2002,jpg,2022-02-09
3000/pollen_20_2003.jpg,3000,dancers,20,2003,jpg,2022-02-09
800/pollen_20_2003.jpg,800,dancers,20,2003,jpg,2022-02-09
3000/pollen_20_2004.jpg,3000,dancers,20,2004,jpg,2022-02-09
800/pollen_20_2004.jpg,800,dancers,20,2004,jpg,2022-02-09
3000/pollen_20_2005.jpg,3000,dancers,20,2005,jpg,2022-02-09
800/pollen_20_2005.jpg,800,dancers,20,2005,jpg,2022-02-09
3000/pollen_20_2006.jpg,3000,dancers,20,2006,jpg,2022-02-09
800/pollen_20_2006.jpg,800,dancers,20,2006,jpg,2022-02-09
3000/pollen_20_2007.jpg,3000,dancers,20,2007,jpg,2022-02-09
800/pollen_20_2007.jpg,800,dancers,20,2007,jpg,2022-02-09
3000/pollen_20_2008.jpg,3000,dancers,20,2008,jpg,2022-02-09
800/pollen_20_2008.jpg,800,dancers,20,2008,jpg,2022-02-09
3000/pollen_20_2009.jpg,3000,dancers,20,2009,jpg,2022-02-09
800/pollen_20_2009.jpg,800,dancers,20,2009,jpg,2022-02-09
3000/pollen_20_2010.jpg,3000,dancers,20,2010,jpg,2022-02-09
800/pollen_20_2010.jpg,800,dancers,20,2010,jpg,2022-02-09
3000/pollen_20_2011.jpg,3000,dancers,20,2011,jpg,2022-02-09
800/pollen_20_2011.jpg,800,dancers,20,2011,jpg,2022-02-09
3000/pollen_20_2012.jpg,3000,dancers,20,2012,jpg,2022-02-09
800/pollen_20_2012.jpg,800,dancers,20,2012,jpg,2022-02-09
3000/pollen_20_2013.jpg,3000,dancers,20,2013,jpg,2022-02-09
800/pollen_20_2013.jpg,800,dancers,20,2013,jpg,2022-02-09
3000/pollen_20_2014.jpg,3000,dancers,20,2014,jpg,2022-02-09
800/pollen_20_2014.jpg,800,dancers,20,2014,jpg,2022-02-09
3000/pollen_20_2015.jpg,3000,dancers,20,2015,jpg,2022-02-09
800/pollen_20_2015.jpg,800,dancers,20,2015,jpg,2022-02-09
3000/pollen_20_2016.jpg,3000,dancers,20,2016,jpg,2022-02-09
800/pollen_20_2016.jpg,800,dancers,20,2016,jpg,2022-02-09
3000/pollen_20_2017.jpg,3000,dancers,20,2017,jpg,2022-02-09
800/pollen_20_2017.jpg,800,dancers,20,2017,jpg,2022-02-09
3000/pollen_20_2018.jpg,3000,dancers,20,2018,jpg,2022-02-09
800/pollen_20_2018.jpg,800,dancers,20,2018,jpg,2022-02-09
3000/pollen_20_2019.jpg,3000,dancers,20,2019,jpg,2022-02-09
800/pollen_20_2019.jpg,800,dancers,20,2019,jpg,2022-02-09
3000/pollen_20_2020.jpg,3000,dancers,20,2020,jpg,2022-02-09
800/pollen_20_2020.jpg,800,dancers,20,2020,jpg,2022-02-09
3000/pollen_20_2021.jpg,3000,dancers,20,2021,jpg,2022-02-09
800/pollen_20_2021.jpg,800,dancers,20,2021,jpg,2022-02-09
3000/pollen_20_2022.jpg,3000,dancers,20,2022,jpg,2022-02-09
800/pollen_20_2022.jpg,800,dancers,20,2022,jpg,2022-02-09
3000/pollen_20_2023.jpg,3000,dancers,20,2023,jpg,2022-02-09
800/pollen_20_2023.jpg,800,dancers,20,2023,jpg,2022-02-09
3000/pollen_20_2024.jpg,3000,dancers,20,2024,jpg,2022-02-09
800/pollen_20_2024.jpg,800,dancers,20,2024,jpg,2022-02-09
3000/pollen_20_2025.jpg,3000,dancers,20,2025,jpg,2022-02-09
800/pollen_20_2025.jpg,800,dancers,20,2025,jpg,2022-02-09
3000/pollen_20_2026.jpg,3000,dancers,20,2026,jpg,2022-02-09
800/pollen_20_2026.jpg,800,dancers,20,2026,jpg,2022-02-09
3000/pollen_20_2027.jpg,3000,dancers,20,2027,jpg,2022-02-09
800/pollen_20_2027.jpg,800,dancers,20,2027,jpg,2022-02-09
3000/pollen_20_2028.jpg,3000,dancers,20,2028,jpg,2022-02-09
800/pollen_20_2028.jpg,800,dancers,20,2028,jpg,2022-02-09
3000/pollen_20_2029.jpg,3000,dancers,20,2029,jpg,2022-02-09
800/pollen_20_2029.jpg,800,dancers,20,2029,jpg,2022-02-09
3000/pollen_20_2030.jpg,3000,dancers,20,2030,jpg,2022-02-09
800/pollen_20_2030.jpg,800,dancers,20,2030,jpg,2022-02-09
3000/pollen_20_2031.jpg,3000,dancers,20,2031,jpg,2022-02-09
800/pollen_20_2031.jpg,800,dancers,20,2031,jpg,2022-02-09
3000/pollen_20_2032.jpg,3000,dancers,20,2032,jpg,2022-02-09
800/pollen_20_2032.jpg,800,dancers,20,2032,jpg,2022-02-09
3000/pollen_20_2033.jpg,3000,dancers,20,2033,jpg,2022-02-09
800/pollen_20_2033.jpg,800,dancers,20,2033,jpg,2022-02-09
3000/pollen_20_2034.jpg,3000,dancers,20,2034,jpg,2022-02-09
800/pollen_20_2034.jpg,800,dancers,20,2034,jpg,2022-02-09
3000/pollen_20_2035.jpg,3000,dancers,20,2035,jpg,2022-02-09
800/pollen_20_2035.jpg,800,dancers,20,2035,jpg,2022-02-09
3000/pollen_20_2036.jpg,3000,dancers,20,2036,jpg,2022-02-09
800/pollen_20_2036.jpg,800,dancers,20,2036,jpg,2022-02-09
3000/pollen_20_2037.jpg,3000,dancers,20,2037,jpg,2022-02-09
800/pollen_20_2037.jpg,800,dancers,20,2037,jpg,2022-02-09
3000/pollen_20_2038.jpg,3000,dancers,20,2038,jpg,2022-02-09
800/pollen_20_2038.jpg,800,dancers,20,2038,jpg,2022-02-09
3000/pollen_20_2039.jpg,3000,dancers,20,2039,jpg,2022-02-09
800/pollen_20_2039.jpg,800,dancers,20,2039,jpg,2022-02-09
3000/pollen_20_2040.jpg,3000,dancers,20,2040,jpg,2022-02-09
800/pollen_20_2040.jpg,800,dancers,20,2040,jpg,2022-02-09
3000/pollen_20_2041.jpg,3000,dancers,20,2041,jpg,2022-02-09
800/pollen_20_2041.jpg,800,dancers,20,2041,jpg,2022-02-09
3000/pollen_20_2042.jpg,3000,dancers,20,2042,jpg,2022-02-09
800/pollen_20_2042.jpg,800,dancers,20,2042,jpg,2022-02-09
3000/pollen_20_2043.jpg,3000,dancers,20,2043,jpg,2022-02-09
800/pollen_20_2043.jpg,800,dancers,20,2043,jpg,2022-02-09
3000/pollen_20_2044.jpg,3000,dancers,20,2044,jpg,2022-02-09
800/pollen_20_2044.jpg,800,dancers,20,2044,jpg,2022-02-09
3000/pollen_20_2045.jpg,3000,dancers,20,2045,jpg,2022-02-09
800/pollen_20_2045.jpg,800,dancers,20,2045,jpg,2022-02-09
3000/pollen_20_2046.jpg,3000,dancers,20,2046,jpg,2022-02-09
800/pollen_20_2046.jpg,800,dancers,20,2046,jpg,2022-02-09
3000/pollen_20_2047.jpg,3000,dancers,20,2047,jpg,2022-02-09
800/pollen_20_2047.jpg,800,dancers,20,2047,jpg,2022-02-09
3000/pollen_20_2048.jpg,3000,dancers,20,2048,jpg,2022-02-09
800/pollen_20_2048.jpg,800,dancers,20,2048,jpg,2022-02-09
3000/pollen_20_2049.jpg,3000,dancers,20,2049,jpg,2022-02-09
800/pollen_20_2049.jpg,800,dancers,20,2049,jpg,2022-02-09
3000/pollen_20_2050.jpg,3000,dancers,20,2050,jpg,2022-02-09
800/pollen_20_2050.jpg,800,dancers,20,2050,jpg,2022-02-09
3000/pollen_20_2051.jpg,3000,dancers,20,2051,jpg,2022-02-09
800/pollen_20_2051.jpg,800,dancers,20,2051,jpg,2022-02-09
3000/pollen_20_2052.jpg,3000,dancers,20,2052,jpg,2022-02-09
800/pollen_20_2052.jpg,800,dancers,20,2052,jpg,2022-02-09
3000/pollen_20_2053.jpg,3000,dancers,20,2053,jpg,2022-02-09
800/pollen_20_2053.jpg,800,dancers,20,2053,jpg,2022-02-09
3000/pollen_20_2054.jpg,3000,dancers,20,2054,jpg,2022-02-09
800/pollen_20_2054.jpg,800,dancers,20,2054,jpg,2022-02-09
3000/pollen_20_2055.jpg,3000,dancers,20,2055,jpg,2022-02-09
800/pollen_20_2055.jpg,800,dancers,20,2055,jpg,2022-02-09
3000/pollen_20_2056.jpg,3000,dancers,20,2056,jpg,2022-02-09
800/pollen_20_2056.jpg,800,dancers,20,2056,jpg,2022-02-09
3000/pollen_20_2057.jpg,3000,dancers,20,2057,jpg,2022-02-09
800/pollen_20_2057.jpg,800,dancers,20,2057,jpg,2022-02-09
3000/pollen_20_2058.jpg,3000,dancers,20,2058,jpg,2022-02-09
800/pollen_20_2058.jpg,800,dancers,20,2058,jpg,2022-02-09
3000/pollen_20_2059.jpg,3000,dancers,20,2059,jpg,2022-02-09
800/pollen_20_2059.jpg,800,dancers,20,2059,jpg,2022-02-09
3000/pollen_20_2060.jpg,3000,dancers,20,2060,jpg,2022-02-09
800/pollen_20_2060.jpg,800,dancers,20,2060,jpg,2022-02-09
3000/pollen_20_2061.jpg,3000,dancers,20,2061,jpg,2022-02-09
800/pollen_20_2061.jpg,800,dancers,20,2061,jpg,2022-02-09
3000/pollen_20_2062.jpg,3000,dancers,20,2062,jpg,2022-02-09
800/pollen_20_2062.jpg,800,dancers,20,2062,jpg,2022-02-09
3000/pollen_20_2063.jpg,3000,dancers,20,2063,jpg,2022-02-09
800/pollen_20_2063.jpg,800,dancers,20,2063,jpg,2022-02-09
3000/pollen_20_2064.jpg,3000,dancers,20,2064,jpg,2022-02-09
800/pollen_20_2064.jpg,800,dancers,20,2064,jpg,2022-02-09
3000/pollen_20_2065.jpg,3000,dancers,20,2065,jpg,2022-02-09
800/pollen_20_2065.jpg,800,dancers,20,2065,jpg,2022-02-09
3000/pollen_20_2066.jpg,3000,dancers,20,2066,jpg,2022-02-09
800/pollen_20_2066.jpg,800,dancers,20,2066,jpg,2022-02-09
3000/pollen_20_2067.jpg,3000,dancers,20,2067,jpg,2022-02-09
800/pollen_20_2067.jpg,800,dancers,20,2067,jpg,2022-02-09
3000/pollen_20_2068.jpg,3000,dancers,20,2068,jpg,2022-02-09
800/pollen_20_2068.jpg,800,dancers,20,2068,jpg,2022-02-09
3000/pollen_20_2069.jpg,3000,dancers,20,2069,jpg,2022-02-09
800/pollen_20_2069.jpg,800,dancers,20,2069,jpg,2022-02-09
3000/pollen_20_2070.jpg,3000,dancers,20,2070,jpg,2022-02-09
800/pollen_20_2070.jpg,800,dancers,20,2070,jpg,2022-02-09
3000/pollen_20_2071.jpg,3000,dancers,20,2071,jpg,2022-02-09
800/pollen_20_2071.jpg,800,dancers,20,2071,jpg,2022-02-09
3000/pollen_20_2072.jpg,3000,dancers,20,2072,jpg,2022-02-09
800/pollen_20_2072.jpg,800,dancers,20,2072,jpg,2022-02-09
3000/pollen_20_2073.jpg,3000,dancers,20,2073,jpg,2022-02-09
800/pollen_20_2073.jpg,800,dancers,20,2073,jpg,2022-02-09
3000/pollen_20_2074.jpg,3000,dancers,20,2074,jpg,2022-02-09
800/pollen_20_2074.jpg,800,dancers,20,2074,jpg,2022-02-09
3000/pollen_20_2075.jpg,3000,dancers,20,2075,jpg,2022-02-09
800/pollen_20_2075.jpg,800,dancers,20,2075,jpg,2022-02-09
3000/pollen_20_2076.jpg,3000,dancers,20,2076,jpg,2022-02-09
800/pollen_20_2076.jpg,800,dancers,20,2076,jpg,2022-02-09
3000/pollen_20_2077.jpg,3000,dancers,20,2077,jpg,2022-02-09
800/pollen_20_2077.jpg,800,dancers,20,2077,jpg,2022-02-09
3000/pollen_20_2078.jpg,3000,dancers,20,2078,jpg,2022-02-09
800/pollen_20_2078.jpg,800,dancers,20,2078,jpg,2022-02-09
3000/pollen_20_2079.jpg,3000,dancers,20,2079,jpg,2022-02-09
800/pollen_20_2079.jpg,800,dancers,20,2079,jpg,2022-02-09
3000/pollen_20_2080.jpg,3000,dancers,20,2080,jpg,2022-02-09
800/pollen_20_2080.jpg,800,dancers,20,2080,jpg,2022-02-09
3000/pollen_20_2081.jpg,3000,dancers,20,2081,jpg,2022-02-09
800/pollen_20_2081.jpg,800,dancers,20,2081,jpg,2022-02-09
3000/pollen_20_2082.jpg,3000,dancers,20,2082,jpg,2022-02-09
800/pollen_20_2082.jpg,800,dancers,20,2082,jpg,2022-02-09
3000/pollen_20_2083.jpg,3000,dancers,20,2083,jpg,2022-02-09
800/pollen_20_2083.jpg,800,dancers,20,2083,jpg,2022-02-09
3000/pollen_20_2084.jpg,3000,dancers,20,2084,jpg,2022-02-09
800/pollen_20_2084.jpg,800,dancers,20,2084,jpg,2022-02-09
3000/pollen_20_2085.jpg,3000,dancers,20,2085,jpg,2022-02-09
800/pollen_20_2085.jpg,800,dancers,20,2085,jpg,2022-02-09
3000/pollen_20_2086.jpg,3000,dancers,20,2086,jpg,2022-02-09
800/pollen_20_2086.jpg,800,dancers,20,2086,jpg,2022-02-09
3000/pollen_20_2087.jpg,3000,dancers,20,2087,jpg,2022-02-09
800/pollen_20_2087.jpg,800,dancers,20,2087,jpg,2022-02-09
3000/pollen_20_2088.jpg,3000,dancers,20,2088,jpg,2022-02-09
800/pollen_20_2088.jpg,800,dancers,20,2088,jpg,2022-02-09
3000/pollen_20_2089.jpg,3000,dancers,20,2089,jpg,2022-02-09
800/pollen_20_2089.jpg,800,dancers,20,2089,jpg,2022-02-09
3000/pollen_20_2090.jpg,3000,dancers,20,2090,jpg,2022-02-09
800/pollen_20_2090.jpg,800,dancers,20,2090,jpg,2022-02-09
3000/pollen_20_2091.jpg,3000,dancers,20,2091,jpg,2022-02-09
800/pollen_20_2091.jpg,800,dancers,20,2091,jpg,2022-02-09
3000/pollen_20_2092.jpg,3000,dancers,20,2092,jpg,2022-02-09
800/pollen_20_2092.jpg,800,dancers,20,2092,jpg,2022-02-09
3000/pollen_20_2093.jpg,3000,dancers,20,2093,jpg,2022-02-09
800/pollen_20_2093.jpg,800,dancers,20,2093,jpg,2022-02-09
3000/pollen_20_2094.jpg,3000,dancers,20,2094,jpg,2022-02-09
800/pollen_20_2094.jpg,800,dancers,20,2094,jpg,2022-02-09
3000/pollen_20_2095.jpg,3000,dancers,20,2095,jpg,2022-02-09
800/pollen_20_2095.jpg,800,dancers,20,2095,jpg,2022-02-09
3000/pollen_20_2096.jpg,3000,dancers,20,2096,jpg,2022-02-09
800/pollen_20_2096.jpg,800,dancers,20,2096,jpg,2022-02-09
3000/pollen_20_2097.jpg,3000,dancers,20,2097,jpg,2022-02-09
800/pollen_20_2097.jpg,800,dancers,20,2097,jpg,2022-02-09
3000/pollen_20_2098.jpg,3000,dancers,20,2098,jpg,2022-02-09
800/pollen_20_2098.jpg,800,dancers,20,2098,jpg,2022-02-09
3000/pollen_20_2099.jpg,3000,dancers,20,2099,jpg,2022-02-09
800/pollen_20_2099.jpg,800,dancers,20,2099,jpg,2022-02-09
3000/pollen_21_2100.jpg,3000,dancers,21,2100,jpg,2022-02-09
800/pollen_21_2100.jpg,800,dancers,21,2100,jpg,2022-02-09
3000/pollen_21_2101.jpg,3000,dancers,21,2101,jpg,2022-02-09
800/pollen_21_2101.jpg,800,dancers,21,2101,jpg,2022-02-09
3000/pollen_21_2102.jpg,3000,dancers,21,2102,jpg,2022-02-09
800/pollen_21_2102.jpg,800,dancers,21,2102,jpg,2022-02-09
3000/pollen_21_2103.jpg,3000,dancers,21,2103,jpg,2022-02-09
800/pollen_21_2103.jpg,800,dancers,21,2103,jpg,2022-02-09
3000/pollen_21_2104.jpg,3000,dancers,21,2104,jpg,2022-02-09
800/pollen_21_2104.jpg,800,dancers,21,2104,jpg,2022-02-09
3000/pollen_21_2105.jpg,3000,dancers,21,2105,jpg,2022-02-09
800/pollen_21_2105.jpg,800,dancers,21,2105,jpg,2022-02-09
3000/pollen_21_2106.jpg,3000,dancers,21,2106,jpg,2022-02-09
800/pollen_21_2106.jpg,800,dancers,21,2106,jpg,2022-02-09
3000/pollen_21_2107.jpg,3000,dancers,21,2107,jpg,2022-02-09
800/pollen_21_2107.jpg,800,dancers,21,2107,jpg,2022-02-09
3000/pollen_21_2108.jpg,3000,dancers,21,2108,jpg,2022-02-09
800/pollen_21_2108.jpg,800,dancers,21,2108,jpg,2022-02-09
3000/pollen_21_2109.jpg,3000,dancers,21,2109,jpg,2022-02-09
800/pollen_21_2109.jpg,800,dancers,21,2109,jpg,2022-02-09
3000/pollen_21_2110.jpg,3000,dancers,21,2110,jpg,2022-02-09
800/pollen_21_2110.jpg,800,dancers,21,2110,jpg,2022-02-09
3000/pollen_21_2111.jpg,3000,dancers,21,2111,jpg,2022-02-09
800/pollen_21_2111.jpg,800,dancers,21,2111,jpg,2022-02-09
3000/pollen_21_2112.jpg,3000,dancers,21,2112,jpg,2022-02-09
800/pollen_21_2112.jpg,800,dancers,21,2112,jpg,2022-02-09
3000/pollen_21_2113.jpg,3000,dancers,21,2113,jpg,2022-02-09
800/pollen_21_2113.jpg,800,dancers,21,2113,jpg,2022-02-09
3000/pollen_21_2114.jpg,3000,dancers,21,2114,jpg,2022-02-09
800/pollen_21_2114.jpg,800,dancers,21,2114,jpg,2022-02-09
3000/pollen_21_2115.jpg,3000,dancers,21,2115,jpg,2022-02-09
800/pollen_21_2115.jpg,800,dancers,21,2115,jpg,2022-02-09
3000/pollen_21_2116.jpg,3000,dancers,21,2116,jpg,2022-02-09
800/pollen_21_2116.jpg,800,dancers,21,2116,jpg,2022-02-09
3000/pollen_21_2117.jpg,3000,dancers,21,2117,jpg,2022-02-09
800/pollen_21_2117.jpg,800,dancers,21,2117,jpg,2022-02-09
3000/pollen_21_2118.jpg,3000,dancers,21,2118,jpg,2022-02-09
800/pollen_21_2118.jpg,800,dancers,21,2118,jpg,2022-02-09
3000/pollen_21_2119.jpg,3000,dancers,21,2119,jpg,2022-02-09
800/pollen_21_2119.jpg,800,dancers,21,2119,jpg,2022-02-09
3000/pollen_21_2120.jpg,3000,dancers,21,2120,jpg,2022-02-09
800/pollen_21_2120.jpg,800,dancers,21,2120,jpg,2022-02-09
3000/pollen_21_2121.jpg,3000,dancers,21,2121,jpg,2022-02-09
800/pollen_21_2121.jpg,800,dancers,21,2121,jpg,2022-02-09
3000/pollen_21_2122.jpg,3000,dancers,21,2122,jpg,2022-02-09
800/pollen_21_2122.jpg,800,dancers,21,2122,jpg,2022-02-09
3000/pollen_21_2123.jpg,3000,dancers,21,2123,jpg,2022-02-09
800/pollen_21_2123.jpg,800,dancers,21,2123,jpg,2022-02-09
3000/pollen_21_2124.jpg,3000,dancers,21,2124,jpg,2022-02-09
800/pollen_21_2124.jpg,800,dancers,21,2124,jpg,2022-02-09
3000/pollen_21_2125.jpg,3000,dancers,21,2125,jpg,2022-02-09
800/pollen_21_2125.jpg,800,dancers,21,2125,jpg,2022-02-09
3000/pollen_21_2126.jpg,3000,dancers,21,2126,jpg,2022-02-09
800/pollen_21_2126.jpg,800,dancers,21,2126,jpg,2022-02-09
3000/pollen_21_2127.jpg,3000,dancers,21,2127,jpg,2022-02-09
800/pollen_21_2127.jpg,800,dancers,21,2127,jpg,2022-02-09
3000/pollen_21_2128.jpg,3000,dancers,21,2128,jpg,2022-02-09
800/pollen_21_2128.jpg,800,dancers,21,2128,jpg,2022-02-09
3000/pollen_21_2129.jpg,3000,dancers,21,2129,jpg,2022-02-09
800/pollen_21_2129.jpg,800,dancers,21,2129,jpg,2022-02-09
3000/pollen_21_2130.jpg,3000,dancers,21,2130,jpg,2022-02-09
800/pollen_21_2130.jpg,800,dancers,21,2130,jpg,2022-02-09
3000/pollen_21_2131.jpg,3000,dancers,21,2131,jpg,2022-02-09
800/pollen_21_2131.jpg,800,dancers,21,2131,jpg,2022-02-09
3000/pollen_21_2132.jpg,3000,dancers,21,2132,jpg,2022-02-09
800/pollen_21_2132.jpg,800,dancers,21,2132,jpg,2022-02-09
3000/pollen_21_2133.jpg,3000,dancers,21,2133,jpg,2022-02-09
800/pollen_21_2133.jpg,800,dancers,21,2133,jpg,2022-02-09
3000/pollen_21_2134.jpg,3000,dancers,21,2134,jpg,2022-02-09
800/pollen_21_2134.jpg,800,dancers,21,2134,jpg,2022-02-09
3000/pollen_21_2135.jpg,3000,dancers,21,2135,jpg,2022-02-09
800/pollen_21_2135.jpg,800,dancers,21,2135,jpg,2022-02-09
3000/pollen_21_2136.jpg,3000,dancers,21,2136,jpg,2022-02-09
800/pollen_21_2136.jpg,800,dancers,21,2136,jpg,2022-02-09
3000/pollen_21_2137.jpg,3000,dancers,21,2137,jpg,2022-02-09
800/pollen_21_2137.jpg,800,dancers,21,2137,jpg,2022-02-09
3000/pollen_21_2138.jpg,3000,dancers,21,2138,jpg,2022-02-09
800/pollen_21_2138.jpg,800,dancers,21,2138,jpg,2022-02-09
3000/pollen_21_2139.jpg,3000,dancers,21,2139,jpg,2022-02-09
800/pollen_21_2139.jpg,800,dancers,21,2139,jpg,2022-02-09
3000/pollen_21_2140.jpg,3000,dancers,21,2140,jpg,2022-02-09
800/pollen_21_2140.jpg,800,dancers,21,2140,jpg,2022-02-09
3000/pollen_21_2141.jpg,3000,dancers,21,2141,jpg,2022-02-09
800/pollen_21_2141.jpg,800,dancers,21,2141,jpg,2022-02-09
3000/pollen_21_2142.jpg,3000,dancers,21,2142,jpg,2022-02-09
800/pollen_21_2142.jpg,800,dancers,21,2142,jpg,2022-02-09
3000/pollen_21_2143.jpg,3000,dancers,21,2143,jpg,2022-02-09
800/pollen_21_2143.jpg,800,dancers,21,2143,jpg,2022-02-09
3000/pollen_21_2144.jpg,3000,dancers,21,2144,jpg,2022-02-09
800/pollen_21_2144.jpg,800,dancers,21,2144,jpg,2022-02-09
3000/pollen_21_2145.jpg,3000,dancers,21,2145,jpg,2022-02-09
800/pollen_21_2145.jpg,800,dancers,21,2145,jpg,2022-02-09
3000/pollen_21_2146.jpg,3000,dancers,21,2146,jpg,2022-02-09
800/pollen_21_2146.jpg,800,dancers,21,2146,jpg,2022-02-09
3000/pollen_21_2147.jpg,3000,dancers,21,2147,jpg,2022-02-09
800/pollen_21_2147.jpg,800,dancers,21,2147,jpg,2022-02-09
3000/pollen_21_2148.jpg,3000,dancers,21,2148,jpg,2022-02-09
800/pollen_21_2148.jpg,800,dancers,21,2148,jpg,2022-02-09
3000/pollen_21_2149.jpg,3000,dancers,21,2149,jpg,2022-02-09
800/pollen_21_2149.jpg,800,dancers,21,2149,jpg,2022-02-09
3000/pollen_21_2150.jpg,3000,dancers,21,2150,jpg,2022-02-09
800/pollen_21_2150.jpg,800,dancers,21,2150,jpg,2022-02-09
3000/pollen_21_2151.jpg,3000,dancers,21,2151,jpg,2022-02-09
800/pollen_21_2151.jpg,800,dancers,21,2151,jpg,2022-02-09
3000/pollen_21_2152.jpg,3000,dancers,21,2152,jpg,2022-02-09
800/pollen_21_2152.jpg,800,dancers,21,2152,jpg,2022-02-09
3000/pollen_21_2153.jpg,3000,dancers,21,2153,jpg,2022-02-09
800/pollen_21_2153.jpg,800,dancers,21,2153,jpg,2022-02-09
3000/pollen_21_2154.jpg,3000,dancers,21,2154,jpg,2022-02-09
800/pollen_21_2154.jpg,800,dancers,21,2154,jpg,2022-02-09
3000/pollen_21_2155.jpg,3000,dancers,21,2155,jpg,2022-02-09
800/pollen_21_2155.jpg,800,dancers,21,2155,jpg,2022-02-09
3000/pollen_21_2156.jpg,3000,dancers,21,2156,jpg,2022-02-09
800/pollen_21_2156.jpg,800,dancers,21,2156,jpg,2022-02-09
3000/pollen_21_2157.jpg,3000,dancers,21,2157,jpg,2022-02-09
800/pollen_21_2157.jpg,800,dancers,21,2157,jpg,2022-02-09
3000/pollen_21_2158.jpg,3000,dancers,21,2158,jpg,2022-02-09
800/pollen_21_2158.jpg,800,dancers,21,2158,jpg,2022-02-09
3000/pollen_21_2159.jpg,3000,dancers,21,2159,jpg,2022-02-09
800/pollen_21_2159.jpg,800,dancers,21,2159,jpg,2022-02-09
3000/pollen_21_2160.jpg,3000,dancers,21,2160,jpg,2022-02-09
800/pollen_21_2160.jpg,800,dancers,21,2160,jpg,2022-02-09
3000/pollen_21_2161.jpg,3000,dancers,21,2161,jpg,2022-02-09
800/pollen_21_2161.jpg,800,dancers,21,2161,jpg,2022-02-09
3000/pollen_21_2162.jpg,3000,dancers,21,2162,jpg,2022-02-09
800/pollen_21_2162.jpg,800,dancers,21,2162,jpg,2022-02-09
3000/pollen_21_2163.jpg,3000,dancers,21,2163,jpg,2022-02-09
800/pollen_21_2163.jpg,800,dancers,21,2163,jpg,2022-02-09
3000/pollen_21_2164.jpg,3000,dancers,21,2164,jpg,2022-02-09
800/pollen_21_2164.jpg,800,dancers,21,2164,jpg,2022-02-09
3000/pollen_21_2165.jpg,3000,dancers,21,2165,jpg,2022-02-09
800/pollen_21_2165.jpg,800,dancers,21,2165,jpg,2022-02-09
3000/pollen_21_2166.jpg,3000,dancers,21,2166,jpg,2022-02-09
800/pollen_21_2166.jpg,800,dancers,21,2166,jpg,2022-02-09
3000/pollen_21_2167.jpg,3000,dancers,21,2167,jpg,2022-02-09
800/pollen_21_2167.jpg,800,dancers,21,2167,jpg,2022-02-09
3000/pollen_21_2168.jpg,3000,dancers,21,2168,jpg,2022-02-09
800/pollen_21_2168.jpg,800,dancers,21,2168,jpg,2022-02-09
3000/pollen_21_2169.jpg,3000,dancers,21,2169,jpg,2022-02-09
800/pollen_21_2169.jpg,800,dancers,21,2169,jpg,2022-02-09
3000/pollen_21_2170.jpg,3000,dancers,21,2170,jpg,2022-02-09
800/pollen_21_2170.jpg,800,dancers,21,2170,jpg,2022-02-09
3000/pollen_21_2171.jpg,3000,dancers,21,2171,jpg,2022-02-09
800/pollen_21_2171.jpg,800,dancers,21,2171,jpg,2022-02-09
3000/pollen_21_2172.jpg,3000,dancers,21,2172,jpg,2022-02-09
800/pollen_21_2172.jpg,800,dancers,21,2172,jpg,2022-02-09
3000/pollen_21_2173.jpg,3000,dancers,21,2173,jpg,2022-02-09
800/pollen_21_2173.jpg,800,dancers,21,2173,jpg,2022-02-09
3000/pollen_21_2174.jpg,3000,dancers,21,2174,jpg,2022-02-09
800/pollen_21_2174.jpg,800,dancers,21,2174,jpg,2022-02-09
3000/pollen_21_2175.jpg,3000,dancers,21,2175,jpg,2022-02-09
800/pollen_21_2175.jpg,800,dancers,21,2175,jpg,2022-02-09
3000/pollen_21_2176.jpg,3000,dancers,21,2176,jpg,2022-02-09
800/pollen_21_2176.jpg,800,dancers,21,2176,jpg,2022-02-09
3000/pollen_21_2177.jpg,3000,dancers,21,2177,jpg,2022-02-09
800/pollen_21_2177.jpg,800,dancers,21,2177,jpg,2022-02-09
3000/pollen_21_2178.jpg,3000,dancers,21,2178,jpg,2022-02-09
800/pollen_21_2178.jpg,800,dancers,21,2178,jpg,2022-02-09
3000/pollen_21_2179.jpg,3000,dancers,21,2179,jpg,2022-02-09
800/pollen_21_2179.jpg,800,dancers,21,2179,jpg,2022-02-09
3000/pollen_21_2180.jpg,3000,dancers,21,2180,jpg,2022-02-09
800/pollen_21_2180.jpg,800,dancers,21,2180,jpg,2022-02-09
3000/pollen_21_2181.jpg,3000,dancers,21,2181,jpg,2022-02-09
800/pollen_21_2181.jpg,800,dancers,21,2181,jpg,2022-02-09
3000/pollen_21_2182.jpg,3000,dancers,21,2182,jpg,2022-02-09
800/pollen_21_2182.jpg,800,dancers,21,2182,jpg,2022-02-09
3000/pollen_21_2183.jpg,3000,dancers,21,2183,jpg,2022-02-09
800/pollen_21_2183.jpg,800,dancers,21,2183,jpg,2022-02-09
3000/pollen_21_2184.jpg,3000,dancers,21,2184,jpg,2022-02-09
800/pollen_21_2184.jpg,800,dancers,21,2184,jpg,2022-02-09
3000/pollen_21_2185.jpg,3000,dancers,21,2185,jpg,2022-02-09
800/pollen_21_2185.jpg,800,dancers,21,2185,jpg,2022-02-09
3000/pollen_21_2186.jpg,3000,dancers,21,2186,jpg,2022-02-09
800/pollen_21_2186.jpg,800,dancers,21,2186,jpg,2022-02-09
3000/pollen_21_2187.jpg,3000,dancers,21,2187,jpg,2022-02-09
800/pollen_21_2187.jpg,800,dancers,21,2187,jpg,2022-02-09
3000/pollen_21_2188.jpg,3000,dancers,21,2188,jpg,2022-02-09
800/pollen_21_2188.jpg,800,dancers,21,2188,jpg,2022-02-09
3000/pollen_21_2189.jpg,3000,dancers,21,2189,jpg,2022-02-09
800/pollen_21_2189.jpg,800,dancers,21,2189,jpg,2022-02-09
3000/pollen_21_2190.jpg,3000,dancers,21,2190,jpg,2022-02-09
800/pollen_21_2190.jpg,800,dancers,21,2190,jpg,2022-02-09
3000/pollen_21_2191.jpg,3000,dancers,21,2191,jpg,2022-02-09
800/pollen_21_2191.jpg,800,dancers,21,2191,jpg,2022-02-09
3000/pollen_21_2192.jpg,3000,dancers,21,2192,jpg,2022-02-09
800/pollen_21_2192.jpg,800,dancers,21,2192,jpg,2022-02-09
3000/pollen_21_2193.jpg,3000,dancers,21,2193,jpg,2022-02-09
800/pollen_21_2193.jpg,800,dancers,21,2193,jpg,2022-02-09
3000/pollen_21_2194.jpg,3000,dancers,21,2194,jpg,2022-02-09
800/pollen_21_2194.jpg,800,dancers,21,2194,jpg,2022-02-09
3000/pollen_21_2195.jpg,3000,dancers,21,2195,jpg,2022-02-09
800/pollen_21_2195.jpg,800,dancers,21,2195,jpg,2022-02-09
3000/pollen_21_2196.jpg,3000,dancers,21,2196,jpg,2022-02-09
800/pollen_21_2196.jpg,800,dancers,21,2196,jpg,2022-02-09
3000/pollen_21_2197.jpg,3000,dancers,21,2197,jpg,2022-02-09
800/pollen_21_2197.jpg,800,dancers,21,2197,jpg,2022-02-09
3000/pollen_21_2198.jpg,3000,dancers,21,2198,jpg,2022-02-09
800/pollen_21_2198.jpg,800,dancers,21,2198,jpg,2022-02-09
3000/pollen_21_2199.jpg,3000,dancers,21,2199,jpg,2022-02-09
800/pollen_21_2199.jpg,800,dancers,21,2199,jpg,2022-02-09
3000/pollen_24_2400.jpg,3000,dancers,24,2400,jpg,2022-02-09
800/pollen_24_2400.jpg,800,dancers,24,2400,jpg,2022-02-09
3000/pollen_24_2401.jpg,3000,dancers,24,2401,jpg,2022-02-09
800/pollen_24_2401.jpg,800,dancers,24,2401,jpg,2022-02-09
3000/pollen_24_2402.jpg,3000,dancers,24,2402,jpg,2022-02-09
800/pollen_24_2402.jpg,800,dancers,24,2402,jpg,2022-02-09
3000/pollen_24_2403.jpg,3000,dancers,24,2403,jpg,2022-02-09
800/pollen_24_2403.jpg,800,dancers,24,2403,jpg,2022-02-09
3000/pollen_24_2404.jpg,3000,dancers,24,2404,jpg,2022-02-09
800/pollen_24_2404.jpg,800,dancers,24,2404,jpg,2022-02-09
3000/pollen_24_2405.jpg,3000,dancers,24,2405,jpg,2022-02-09
800/pollen_24_2405.jpg,800,dancers,24,2405,jpg,2022-02-09
3000/pollen_24_2406.jpg,3000,dancers,24,2406,jpg,2022-02-09
800/pollen_24_2406.jpg,800,dancers,24,2406,jpg,2022-02-09
3000/pollen_24_2407.jpg,3000,dancers,24,2407,jpg,2022-02-09
800/pollen_24_2407.jpg,800,dancers,24,2407,jpg,2022-02-09
3000/pollen_24_2408.jpg,3000,dancers,24,2408,jpg,2022-02-09
800/pollen_24_2408.jpg,800,dancers,24,2408,jpg,2022-02-09
3000/pollen_24_2409.jpg,3000,dancers,24,2409,jpg,2022-02-09
800/pollen_24_2409.jpg,800,dancers,24,2409,jpg,2022-02-09
3000/pollen_24_2410.jpg,3000,dancers,24,2410,jpg,2022-02-09
800/pollen_24_2410.jpg,800,dancers,24,2410,jpg,2022-02-09
3000/pollen_24_2411.jpg,3000,dancers,24,2411,jpg,2022-02-09
800/pollen_24_2411.jpg,800,dancers,24,2411,jpg,2022-02-09
3000/pollen_24_2412.jpg,3000,dancers,24,2412,jpg,2022-02-09
800/pollen_24_2412.jpg,800,dancers,24,2412,jpg,2022-02-09
3000/pollen_24_2413.jpg,3000,dancers,24,2413,jpg,2022-02-09
800/pollen_24_2413.jpg,800,dancers,24,2413,jpg,2022-02-09
3000/pollen_24_2414.jpg,3000,dancers,24,2414,jpg,2022-02-09
800/pollen_24_2414.jpg,800,dancers,24,2414,jpg,2022-02-09
3000/pollen_24_2415.jpg,3000,dancers,24,2415,jpg,2022-02-09
800/pollen_24_2415.jpg,800,dancers,24,2415,jpg,2022-02-09
3000/pollen_24_2416.jpg,3000,dancers,24,2416,jpg,2022-02-09
800/pollen_24_2416.jpg,800,dancers,24,2416,jpg,2022-02-09
3000/pollen_24_2417.jpg,3000,dancers,24,2417,jpg,2022-02-09
800/pollen_24_2417.jpg,800,dancers,24,2417,jpg,2022-02-09
3000/pollen_24_2418.jpg,3000,dancers,24,2418,jpg,2022-02-09
800/pollen_24_2418.jpg,800,dancers,24,2418,jpg,2022-02-09
3000/pollen_24_2419.jpg,3000,dancers,24,2419,jpg,2022-02-09
800/pollen_24_2419.jpg,800,dancers,24,2419,jpg,2022-02-09
3000/pollen_24_2420.jpg,3000,dancers,24,2420,jpg,2022-02-09
800/pollen_24_2420.jpg,800,dancers,24,2420,jpg,2022-02-09
3000/pollen_24_2421.jpg,3000,dancers,24,2421,jpg,2022-02-09
800/pollen_24_2421.jpg,800,dancers,24,2421,jpg,2022-02-09
3000/pollen_24_2422.jpg,3000,dancers,24,2422,jpg,2022-02-09
800/pollen_24_2422.jpg,800,dancers,24,2422,jpg,2022-02-09
3000/pollen_24_2423.jpg,3000,dancers,24,2423,jpg,2022-02-09
800/pollen_24_2423.jpg,800,dancers,24,2423,jpg,2022-02-09
3000/pollen_24_2424.jpg,3000,dancers,24,2424,jpg,2022-02-09
800/pollen_24_2424.jpg,800,dancers,24,2424,jpg,2022-02-09
3000/pollen_24_2425.jpg,3000,dancers,24,2425,jpg,2022-02-09
800/pollen_24_2425.jpg,800,dancers,24,2425,jpg,2022-02-09
3000/pollen_24_2426.jpg,3000,dancers,24,2426,jpg,2022-02-09
800/pollen_24_2426.jpg,800,dancers,24,2426,jpg,2022-02-09
3000/pollen_24_2427.jpg,3000,dancers,24,2427,jpg,2022-02-09
800/pollen_24_2427.jpg,800,dancers,24,2427,jpg,2022-02-09
3000/pollen_24_2428.jpg,3000,dancers,24,2428,jpg,2022-02-09
800/pollen_24_2428.jpg,800,dancers,24,2428,jpg,2022-02-09
3000/pollen_24_2429.jpg,3000,dancers,24,2429,jpg,2022-02-09
800/pollen_24_2429.jpg,800,dancers,24,2429,jpg,2022-02-09
3000/pollen_24_2430.jpg,3000,dancers,24,2430,jpg,2022-02-09
800/pollen_24_2430.jpg,800,dancers,24,2430,jpg,2022-02-09
3000/pollen_24_2431.jpg,3000,dancers,24,2431,jpg,2022-02-09
800/pollen_24_2431.jpg,800,dancers,24,2431,jpg,2022-02-09
3000/pollen_24_2432.jpg,3000,dancers,24,2432,jpg,2022-02-09
800/pollen_24_2432.jpg,800,dancers,24,2432,jpg,2022-02-09
3000/pollen_24_2433.jpg,3000,dancers,24,2433,jpg,2022-02-09
800/pollen_24_2433.jpg,800,dancers,24,2433,jpg,2022-02-09
3000/pollen_24_2434.jpg,3000,dancers,24,2434,jpg,2022-02-09
800/pollen_24_2434.jpg,800,dancers,24,2434,jpg,2022-02-09
3000/pollen_24_2435.jpg,3000,dancers,24,2435,jpg,2022-02-09
800/pollen_24_2435.jpg,800,dancers,24,2435,jpg,2022-02-09
3000/pollen_24_2436.jpg,3000,dancers,24,2436,jpg,2022-02-09
800/pollen_24_2436.jpg,800,dancers,24,2436,jpg,2022-02-09
3000/pollen_24_2437.jpg,3000,dancers,24,2437,jpg,2022-02-09
800/pollen_24_2437.jpg,800,dancers,24,2437,jpg,2022-02-09
3000/pollen_24_2438.jpg,3000,dancers,24,2438,jpg,2022-02-09
800/pollen_24_2438.jpg,800,dancers,24,2438,jpg,2022-02-09
3000/pollen_24_2439.jpg,3000,dancers,24,2439,jpg,2022-02-09
800/pollen_24_2439.jpg,800,dancers,24,2439,jpg,2022-02-09
3000/pollen_24_2440.jpg,3000,dancers,24,2440,jpg,2022-02-09
800/pollen_24_2440.jpg,800,dancers,24,2440,jpg,2022-02-09
3000/pollen_24_2441.jpg,3000,dancers,24,2441,jpg,2022-02-09
800/pollen_24_2441.jpg,800,dancers,24,2441,jpg,2022-02-09
3000/pollen_24_2442.jpg,3000,dancers,24,2442,jpg,2022-02-09
800/pollen_24_2442.jpg,800,dancers,24,2442,jpg,2022-02-09
3000/pollen_24_2443.jpg,3000,dancers,24,2443,jpg,2022-02-09
800/pollen_24_2443.jpg,800,dancers,24,2443,jpg,2022-02-09
3000/pollen_24_2444.jpg,3000,dancers,24,2444,jpg,2022-02-09
800/pollen_24_2444.jpg,800,dancers,24,2444,jpg,2022-02-09
3000/pollen_24_2445.jpg,3000,dancers,24,2445,jpg,2022-02-09
800/pollen_24_2445.jpg,800,dancers,24,2445,jpg,2022-02-09
3000/pollen_24_2446.jpg,3000,dancers,24,2446,jpg,2022-02-09
800/pollen_24_2446.jpg,800,dancers,24,2446,jpg,2022-02-09
3000/pollen_24_2447.jpg,3000,dancers,24,2447,jpg,2022-02-09
800/pollen_24_2447.jpg,800,dancers,24,2447,jpg,2022-02-09
3000/pollen_24_2448.jpg,3000,dancers,24,2448,jpg,2022-02-09
800/pollen_24_2448.jpg,800,dancers,24,2448,jpg,2022-02-09
3000/pollen_24_2449.jpg,3000,dancers,24,2449,jpg,2022-02-09
800/pollen_24_2449.jpg,800,dancers,24,2449,jpg,2022-02-09
